temp.mdl;0;0;True
temp.mdl;0;0;True
temp.mdl;0;0;True
temp.mdl;0;0;True
temp.mdl;0;0;True
temp.mdl;0;0;True
temp.mdl;0;0;True
temp.mdl;0;0;True
temp.mdl;0;0;True
temp.mdl;0;0;True
temp.mdl;0;0;True
temp.mdl;0;0;True
temp.mdl;0;0;True
temp.mdl;0;0;True
temp.mdl;0;0;True
temp.mdl;0;0;True
temp.mdl;0;0;True
temp.mdl;0;0;True
temp.mdl;0;0;True
temp.mdl;0;0;True
temp.mdl;0;0;True
temp.mdl;0;0;True
temp.mdl;0;0;True
temp.mdl;0;0;True
temp.mdl;0;0;True
temp.mdl;0;0;True
temp.mdl;0;0;True
temp.mdl;0;0;True
temp.mdl;0;0;True
temp.mdl;0;0;True
temp.mdl;0;0;True
temp.mdl;0;0;True
temp.mdl;0;0;True
temp.mdl;0;0;True
temp.mdl;0;0;True
temp.mdl;0;0;True
temp.mdl;0;0;True
temp.mdl;0;0;True
temp.mdl;0;0;True
temp.mdl;0;0;True
temp.mdl;0;0;True
temp.mdl;0;0;True
temp.mdl;0;0;True
temp.mdl;0;0;True
temp.mdl;0;0;True
temp.mdl;0;0;True
temp.mdl;0;0;True
temp.mdl;0;0;True
temp.mdl;0;0;True
temp.mdl;0;0;True
temp.mdl;1;1;True
temp.mdl;1;1;True
temp.mdl;1;1;True
temp.mdl;1;1;True
temp.mdl;1;1;True
temp.mdl;1;1;True
temp.mdl;1;1;True
temp.mdl;1;1;True
temp.mdl;1;1;True
temp.mdl;1;1;True
temp.mdl;1;1;True
temp.mdl;1;1;True
temp.mdl;1;1;True
temp.mdl;1;1;True
temp.mdl;1;1;True
temp.mdl;1;1;True
temp.mdl;1;1;True
temp.mdl;1;1;True
temp.mdl;1;1;True
temp.mdl;1;1;True
temp.mdl;1;1;True
temp.mdl;1;1;True
temp.mdl;1;1;True
temp.mdl;1;1;True
temp.mdl;1;1;True
temp.mdl;1;1;True
temp.mdl;1;1;True
temp.mdl;1;1;True
temp.mdl;1;1;True
temp.mdl;1;1;True
temp.mdl;1;1;True
temp.mdl;1;1;True
temp.mdl;1;1;True
temp.mdl;1;1;True
temp.mdl;1;1;True
temp.mdl;1;1;True
temp.mdl;1;1;True
temp.mdl;1;1;True
temp.mdl;1;1;True
temp.mdl;1;1;True
temp.mdl;1;1;True
temp.mdl;1;1;True
temp.mdl;1;1;True
temp.mdl;1;1;True
temp.mdl;1;1;True
temp.mdl;1;1;True
temp.mdl;1;1;True
temp.mdl;1;1;True
temp.mdl;1;1;True
temp.mdl;1;1;True
temp.mdl;2;2;True
temp.mdl;2;2;True
temp.mdl;2;2;True
temp.mdl;2;2;True
temp.mdl;2;2;True
temp.mdl;2;2;True
temp.mdl;2;2;True
temp.mdl;2;2;True
temp.mdl;2;2;True
temp.mdl;2;2;True
temp.mdl;2;2;True
temp.mdl;2;2;True
temp.mdl;2;2;True
temp.mdl;2;2;True
temp.mdl;2;2;True
temp.mdl;2;2;True
temp.mdl;2;2;True
temp.mdl;2;2;True
temp.mdl;2;2;True
temp.mdl;2;2;True
temp.mdl;2;2;True
temp.mdl;2;2;True
temp.mdl;2;2;True
temp.mdl;2;2;True
temp.mdl;2;2;True
temp.mdl;2;2;True
temp.mdl;2;2;True
temp.mdl;2;2;True
temp.mdl;2;2;True
temp.mdl;2;2;True
temp.mdl;2;2;True
temp.mdl;2;2;True
temp.mdl;2;2;True
temp.mdl;2;2;True
temp.mdl;2;2;True
temp.mdl;2;2;True
temp.mdl;2;2;True
temp.mdl;2;2;True
temp.mdl;2;2;True
temp.mdl;2;2;True
temp.mdl;2;2;True
temp.mdl;2;2;True
temp.mdl;2;2;True
temp.mdl;2;2;True
temp.mdl;2;2;True
temp.mdl;2;2;True
temp.mdl;2;2;True
temp.mdl;2;2;True
temp.mdl;2;2;True
temp.mdl;2;2;True
temp.mdl;3;3;True
temp.mdl;3;3;True
temp.mdl;3;3;True
temp.mdl;3;3;True
temp.mdl;3;3;True
temp.mdl;3;3;True
temp.mdl;3;3;True
temp.mdl;3;3;True
temp.mdl;3;3;True
temp.mdl;3;3;True
temp.mdl;3;3;True
temp.mdl;3;3;True
temp.mdl;3;3;True
temp.mdl;3;3;True
temp.mdl;3;3;True
temp.mdl;3;3;True
temp.mdl;3;3;True
temp.mdl;3;3;True
temp.mdl;3;3;True
temp.mdl;3;3;True
temp.mdl;3;3;True
temp.mdl;3;3;True
temp.mdl;3;3;True
temp.mdl;3;3;True
temp.mdl;3;3;True
temp.mdl;3;3;True
temp.mdl;3;3;True
temp.mdl;3;3;True
temp.mdl;3;3;True
temp.mdl;3;3;True
temp.mdl;3;3;True
temp.mdl;3;3;True
temp.mdl;3;3;True
temp.mdl;3;3;True
temp.mdl;3;3;True
temp.mdl;3;3;True
temp.mdl;3;3;True
temp.mdl;3;3;True
temp.mdl;3;3;True
temp.mdl;3;3;True
temp.mdl;3;3;True
temp.mdl;3;3;True
temp.mdl;3;3;True
temp.mdl;3;3;True
temp.mdl;3;3;True
temp.mdl;3;3;True
temp.mdl;3;3;True
temp.mdl;3;3;True
temp.mdl;3;3;True
temp.mdl;3;3;True
temp.mdl;4;4;True
temp.mdl;4;4;True
temp.mdl;4;4;True
temp.mdl;4;4;True
temp.mdl;4;4;True
temp.mdl;4;4;True
temp.mdl;4;4;True
temp.mdl;4;4;True
temp.mdl;4;4;True
temp.mdl;4;4;True
temp.mdl;4;4;True
temp.mdl;4;4;True
temp.mdl;4;4;True
temp.mdl;4;4;True
temp.mdl;4;4;True
temp.mdl;4;4;True
temp.mdl;4;4;True
temp.mdl;4;4;True
temp.mdl;4;4;True
temp.mdl;4;4;True
temp.mdl;4;4;True
temp.mdl;4;4;True
temp.mdl;4;4;True
temp.mdl;4;4;True
temp.mdl;4;4;True
temp.mdl;4;4;True
temp.mdl;4;4;True
temp.mdl;4;4;True
temp.mdl;4;4;True
temp.mdl;4;4;True
temp.mdl;4;4;True
temp.mdl;4;4;True
temp.mdl;4;4;True
temp.mdl;4;4;True
temp.mdl;4;4;True
temp.mdl;4;4;True
temp.mdl;4;4;True
temp.mdl;4;4;True
temp.mdl;4;4;True
temp.mdl;4;4;True
temp.mdl;4;4;True
temp.mdl;4;4;True
temp.mdl;4;4;True
temp.mdl;4;4;True
temp.mdl;4;4;True
temp.mdl;4;4;True
temp.mdl;4;4;True
temp.mdl;4;4;True
temp.mdl;4;4;True
temp.mdl;4;4;True
temp.mdl;5;5;True
temp.mdl;5;5;True
temp.mdl;5;5;True
temp.mdl;5;5;True
temp.mdl;5;5;True
temp.mdl;5;5;True
temp.mdl;5;5;True
temp.mdl;5;5;True
temp.mdl;5;5;True
temp.mdl;5;5;True
temp.mdl;5;5;True
temp.mdl;5;5;True
temp.mdl;5;5;True
temp.mdl;5;5;True
temp.mdl;5;5;True
temp.mdl;5;5;True
temp.mdl;5;5;True
temp.mdl;5;5;True
temp.mdl;5;5;True
temp.mdl;5;5;True
temp.mdl;5;5;True
temp.mdl;5;5;True
temp.mdl;5;5;True
temp.mdl;5;5;True
temp.mdl;5;5;True
temp.mdl;5;5;True
temp.mdl;5;5;True
temp.mdl;5;5;True
temp.mdl;5;5;True
temp.mdl;5;5;True
temp.mdl;5;5;True
temp.mdl;5;5;True
temp.mdl;5;5;True
temp.mdl;5;5;True
temp.mdl;5;5;True
temp.mdl;5;5;True
temp.mdl;5;5;True
temp.mdl;5;5;True
temp.mdl;5;5;True
temp.mdl;5;5;True
temp.mdl;5;5;True
temp.mdl;5;5;True
temp.mdl;5;5;True
temp.mdl;5;5;True
temp.mdl;5;5;True
temp.mdl;5;5;True
temp.mdl;5;5;True
temp.mdl;5;5;True
temp.mdl;5;5;True
temp.mdl;5;5;True
temp.mdl;6;6;True
temp.mdl;6;6;True
temp.mdl;6;6;True
temp.mdl;6;6;True
temp.mdl;6;6;True
temp.mdl;6;6;True
temp.mdl;6;6;True
temp.mdl;6;6;True
temp.mdl;6;6;True
temp.mdl;6;6;True
temp.mdl;6;6;True
temp.mdl;6;6;True
temp.mdl;6;6;True
temp.mdl;6;6;True
temp.mdl;6;6;True
temp.mdl;6;6;True
temp.mdl;6;6;True
temp.mdl;6;6;True
temp.mdl;6;6;True
temp.mdl;6;6;True
temp.mdl;6;6;True
temp.mdl;6;6;True
temp.mdl;6;6;True
temp.mdl;6;6;True
temp.mdl;6;6;True
temp.mdl;6;6;True
temp.mdl;6;6;True
temp.mdl;6;6;True
temp.mdl;6;6;True
temp.mdl;6;6;True
temp.mdl;6;6;True
temp.mdl;6;6;True
temp.mdl;6;6;True
temp.mdl;6;6;True
temp.mdl;6;6;True
temp.mdl;6;6;True
temp.mdl;6;6;True
temp.mdl;6;6;True
temp.mdl;6;6;True
temp.mdl;6;6;True
temp.mdl;6;6;True
temp.mdl;6;6;True
temp.mdl;6;6;True
temp.mdl;6;6;True
temp.mdl;6;6;True
temp.mdl;6;6;True
temp.mdl;6;6;True
temp.mdl;6;6;True
temp.mdl;6;6;True
temp.mdl;6;6;True
temp.mdl;7;7;True
temp.mdl;7;7;True
temp.mdl;7;7;True
temp.mdl;7;7;True
temp.mdl;7;7;True
temp.mdl;7;7;True
temp.mdl;7;7;True
temp.mdl;7;7;True
temp.mdl;7;7;True
temp.mdl;7;7;True
temp.mdl;7;7;True
temp.mdl;7;7;True
temp.mdl;7;7;True
temp.mdl;7;7;True
temp.mdl;7;7;True
temp.mdl;7;7;True
temp.mdl;7;7;True
temp.mdl;7;7;True
temp.mdl;7;7;True
temp.mdl;7;7;True
temp.mdl;7;7;True
temp.mdl;7;7;True
temp.mdl;7;7;True
temp.mdl;7;7;True
temp.mdl;7;7;True
temp.mdl;7;7;True
temp.mdl;7;7;True
temp.mdl;7;7;True
temp.mdl;7;7;True
temp.mdl;7;7;True
temp.mdl;7;7;True
temp.mdl;7;7;True
temp.mdl;7;7;True
temp.mdl;7;7;True
temp.mdl;7;7;True
temp.mdl;7;7;True
temp.mdl;7;7;True
temp.mdl;7;7;True
temp.mdl;7;7;True
temp.mdl;7;7;True
temp.mdl;7;7;True
temp.mdl;7;7;True
temp.mdl;7;7;True
temp.mdl;7;7;True
temp.mdl;7;7;True
temp.mdl;7;7;True
temp.mdl;7;7;True
temp.mdl;7;7;True
temp.mdl;7;7;True
temp.mdl;7;7;True
temp.mdl;8;8;True
temp.mdl;8;8;True
temp.mdl;8;8;True
temp.mdl;8;8;True
temp.mdl;8;8;True
temp.mdl;8;8;True
temp.mdl;8;8;True
temp.mdl;8;8;True
temp.mdl;8;8;True
temp.mdl;8;8;True
temp.mdl;8;8;True
temp.mdl;8;8;True
temp.mdl;8;8;True
temp.mdl;8;8;True
temp.mdl;8;8;True
temp.mdl;8;8;True
temp.mdl;8;8;True
temp.mdl;8;8;True
temp.mdl;8;8;True
temp.mdl;8;8;True
temp.mdl;8;8;True
temp.mdl;8;8;True
temp.mdl;8;8;True
temp.mdl;8;8;True
temp.mdl;8;8;True
temp.mdl;8;8;True
temp.mdl;8;8;True
temp.mdl;8;8;True
temp.mdl;8;8;True
temp.mdl;8;8;True
temp.mdl;8;8;True
temp.mdl;8;8;True
temp.mdl;8;8;True
temp.mdl;8;8;True
temp.mdl;8;8;True
temp.mdl;8;8;True
temp.mdl;8;8;True
temp.mdl;8;8;True
temp.mdl;8;8;True
temp.mdl;8;8;True
temp.mdl;8;8;True
temp.mdl;8;8;True
temp.mdl;8;8;True
temp.mdl;8;8;True
temp.mdl;8;8;True
temp.mdl;8;8;True
temp.mdl;8;8;True
temp.mdl;8;8;True
temp.mdl;8;8;True
temp.mdl;8;8;True
temp.mdl;9;9;True
temp.mdl;9;9;True
temp.mdl;9;9;True
temp.mdl;9;9;True
temp.mdl;9;9;True
temp.mdl;9;9;True
temp.mdl;9;9;True
temp.mdl;9;9;True
temp.mdl;9;9;True
temp.mdl;9;9;True
temp.mdl;9;9;True
temp.mdl;9;9;True
temp.mdl;9;9;True
temp.mdl;9;9;True
temp.mdl;9;9;True
temp.mdl;9;9;True
temp.mdl;9;9;True
temp.mdl;9;9;True
temp.mdl;9;9;True
temp.mdl;9;9;True
temp.mdl;9;9;True
temp.mdl;9;9;True
temp.mdl;9;9;True
temp.mdl;9;9;True
temp.mdl;9;9;True
temp.mdl;9;9;True
temp.mdl;9;9;True
temp.mdl;9;9;True
temp.mdl;9;9;True
temp.mdl;9;9;True
temp.mdl;9;9;True
temp.mdl;9;9;True
temp.mdl;9;9;True
temp.mdl;9;9;True
temp.mdl;9;9;True
temp.mdl;9;9;True
temp.mdl;9;9;True
temp.mdl;9;9;True
temp.mdl;9;9;True
temp.mdl;9;9;True
temp.mdl;9;9;True
temp.mdl;9;9;True
temp.mdl;9;9;True
temp.mdl;9;9;True
temp.mdl;9;9;True
temp.mdl;9;9;True
temp.mdl;9;9;True
temp.mdl;9;9;True
temp.mdl;9;9;True
temp.mdl;9;9;True
